id,descrizione,livello,timestampArrivo
T0001,Descrizione 1,CRITICO,1732000000
T0002,Descrizione 2,ALTO,1732000100
T0003,Descrizione 3,BASSO,1732000050
T0004,Descrizione 4,ALTO,1732000100
T0005,Descrizione 5,MEDIO,1732000125
T0006,Descrizione 6,CRITICO,1732000150
T0007,Descrizione 7,MEDIO,1732000175
T0008,Descrizione 8,MEDIO,1732000200
T0009,Descrizione 9,ALTO,1732000225
T0010,Descrizione 10,BASSO,1732000250
T0011,Descrizione 11,CRITICO,1732000275
T0012,Descrizione 12,ALTO,1732000300
T0013,Descrizione 13,BASSO,1732000325
T0014,Descrizione 14,MEDIO,1732000350
T0015,Descrizione 15,CRITICO,1732000375
T0016,Descrizione 16,ALTO,1732000400
T0017,Descrizione 17,MEDIO,1732000425